chair_id,chamber,chair_nr
4385bc33ac4b4b79a537c1da5bb76b17,ak,1
b00577f775124427b821d107e3ed34a6,fk,1
bd3e6b46634342fba6123523c72f245a,ek,1
16b63c32ca3445b69660fd8ef2d5d451,ak,2
c9603ace5e374b5bb8483017705a1296,fk,2
aeccb65dd925406ca302ad02117ce044,ek,2
0568b6fca64742c195dda03da095b418,ak,3
458566adab244f82b1e038b6ea65586d,fk,3
bcf625972e3f49378f92277440a6f029,ek,3
4359bb5282334da098924dcfc12fae9f,ak,4
a2461ac4834b422b93b0094d708fa08e,fk,4
d349f519505e44c08bba5c70af551dcd,ek,4
239046fd405f4f38be3c1f2ad84d9308,ak,5
d3978b95f2a64599b6046935a2eaa83c,fk,5
7598c6a2531841c1971bfcdd2477ab73,ek,5
250f0adb19ec4ef2bc89ae16527e1a16,ak,6
144a9264aa86422bb8af55e1167f86e7,fk,6
cb861401ca0845db91d456e994efca13,ek,6
f7452db98c6149afb35f86ac6bdd6993,ak,7
adcb761d94214f089c6835013a1303aa,fk,7
2a9cccb0f27243c1b8913a020222cc82,ek,7
cd69eac78c834852ae33fbd1f12ecc26,ak,8
1febb9995ebe4710869c01c74f796e7c,fk,8
1ab713b80d3444bab4a1a5c6ea5bd232,ek,8
6208298d3f8f4613809dc900c9968b56,ak,9
dbfe3520013c44c5ad0a25b65a3ecf3a,fk,9
e5fdac6866c74a729f3c61c2dc3c6ecb,ek,9
d42eca5335db45bc9bdb03511fd060e3,ak,10
d4afdd5d28d84198b58ee00b8ce36009,fk,10
f31998bda6294b039967678fbec2d67f,ek,10
a841ca1839f042e59cb95e2763df8a4a,ak,11
4862d324939641f19da63fc0c9f1d906,fk,11
3e556f13023e48d1a9c9d16e34996bd3,ek,11
9ab11ba1830a4d8e9d4b51ebfcd7b41f,ak,12
ee1f47cbe0da4522983f30f18f36edab,fk,12
23f9aff8bc884d0bb632b35e70a4e053,ek,12
778e9fccca5e4f73b908ef351a161440,ak,13
1bb79fba37a140549216b5c179c0f050,fk,13
c1b3e6efc5334b0c961f7b04acef7463,ek,13
ec12166884cc4870a9b04006024e59ec,ak,14
1849745858fd4ad6bccb7d4bf4f310c7,fk,14
3cde0f697fec46dda3645a2e20e80b34,ek,14
37912af815c34dad94941cee55e46930,ak,15
235abe35c0614d889936fa8379a3d47c,fk,15
e465c2c864ef48bd8c0da1094da44768,ek,15
f57caf3990244742b1d60ea841c13ed5,ak,16
fc74ba6669494981b716dc8cfb60d8e9,fk,16
792cbef12c734d4385e0a334099690f8,ek,16
2781c6bc451945fbac2b2d2ae1f5f1e8,ak,17
414fc1da480e4bebb8e0c61b0243811c,fk,17
ff8fca4c4fb04435abc2d4afe9476521,ek,17
6e184bcbe7de412ca6f20868baae8c87,ak,18
e2dfcabfbef34eac8a76040b384f30e9,fk,18
d815b12b54eb4036bd799dc8223725dc,ek,18
84e0193622fc41748bd1d7f031582475,ak,19
7899acaef9834dba8ce7d3ceb2d5eda8,fk,19
644ee4d0e578429c8acf471092208f57,ek,19
92033cb1190b4252904ee62e361ad481,ak,20
ffae3663a5114c5dbdab8849398ba787,fk,20
0d5f67eab1eb45db9bb86742699205d4,ek,20
5dd0fc35471543448f3b94ad2f1d8210,ak,21
af4173fa24ce4b93b6c2d6fac28ec7db,fk,21
d4591af6d77541b9acb248df5ba9ebd2,ek,21
223e67842e6a4b2a9a71283e1d72a0cd,ak,22
a2fb620212694e1c8cc1482540be7faf,fk,22
ea5bd7220e214b4d9e298988f796a2b0,ek,22
c30ed54feeaf4aebbea63f367f3370f7,ak,23
73d8b28d222449d7be53db91912160ce,fk,23
9c6cf2e749ad4922b50afbe7e081395e,ek,23
fc8d7e80d9544b0095ce2539a5bc6580,ak,24
649dd2e2baf04f5694cc6d39711a7a9c,fk,24
371f8a0cf4a14c91acebfc173d824012,ek,24
52c552dad1b4403fafcc20e6c2b64e2c,ak,25
8a708ba8517849f8a90a2d111eb7415e,fk,25
bba90f0b9a8d4eb5a5b7e40088809910,ek,25
9de0231f168248c2bb43e6d9365269c4,ak,26
33f9b95a5dd2447bb925427374234d1d,fk,26
373812d2f8e84cb5b2d36e43f663601f,ek,26
4e82ae66f7c74b939e7a3f3dd90bde6e,ak,27
ef4e8abad53546ab9b27d1cee3eebb69,fk,27
d525cf98050b41bcad247a43873b85aa,ek,27
d936a5efa3dc4b12acdc1b22b76a0b69,ak,28
ab493031aef9425cbfba51d9b278bf34,fk,28
99284814e6994902b6a41b68b5aafca1,ek,28
ae4bcc9a33c64550bb4397c8a6c85155,ak,29
c8153eb73c5840349e50c7ba1fa65302,fk,29
f833bc20f44f40e788b21b2a3770d5ed,ek,29
ac9723011992478e94f55cc217227843,ak,30
19dd2a2232dc41db8fec5e7589c91fd0,fk,30
af513bf683e944168c2c5b27fe9053ca,ek,30
a40499d2fa374bc3b58812c19c3f5e03,ak,31
4c26737ff6ed46d6bd3f90e2b631a44d,fk,31
c066aaeed49f4398817c37f043d971d7,ek,31
e878980a98b34073be10a602ecf37874,ak,32
a57019c7b835422ead063fe9f974e5d8,fk,32
84cdd3ae3f7140a0b303dcc4c4c43ee9,ek,32
d6444606af704990b4a302fdca7f375a,ak,33
f086f1a2a5ff4a2e9540358b0dd28b1b,fk,33
04a7670fad534a8981322b0263c249b0,ek,33
402d702ec0fa4297bc0449fa677ff0d0,ak,34
3fa919c76fe642f8bb34a3e8772b3fe4,fk,34
278478f1090344cfbbf43c460b861365,ek,34
927573153770468bad29ff038e4e829e,ak,35
5377b28c768b479b8b3edd2a38abd7b2,fk,35
f21a3346623646e9a84f063bf8b42f48,ek,35
b05f2f2023344dd5b65a1f4f6eb3c2f0,ak,36
8a8de1537ad845309bca655af8735dbc,fk,36
8e47bc97e957444f8707a3b83a78eb34,ek,36
6cd9ac1667ac41d48a05653c1657c14d,ak,37
b5f789a357914040861eeb3ffe1c8dfa,fk,37
89150c91f5e049cb9c9eee1d2d208186,ek,37
5e2d0176193647b5a8761caada8cb83d,ak,38
85047af5df2f4b6c84159b6f2cc437ab,fk,38
d4f1a4a6079b4e83a1868a92c5370a4a,ek,38
db10d783c9e04d26a0b1731a5850bcd0,ak,39
7b4e9a91da5a417081493357f901429a,fk,39
8a16a46d9bfa432b8b7f0222363516bf,ek,39
370b1e64f5fc428b95725008fbb1b58d,ak,40
ce8af8d3437149e7be77a212d449abe8,fk,40
302d395097be4841bec59bc8a477128e,ek,40
b4a84e17dcb6467da2da8f58378f4c26,ak,41
fa20b849a4c3486eb1a82ff9f3cd3bbe,fk,41
747f4c7c91704ea98241870c8fb42d98,ek,41
83e2ec23b7cc4166ba003e8fe8e99637,ak,42
6af1aed6e7974916bc3474ba4d1f2531,fk,42
91a95f0e148a4738b28eb3bdb4689511,ek,42
fd2681c849224481980cf2aaffb140d6,ak,43
067c8e2cc4d144daadcf9c7de91963b3,fk,43
47c3af11ad7d4d34a51f597f0ae2ee8d,ek,43
2b3f6a6896cc432b9de59bfe08cf0f43,ak,44
3416743024f140bfa96a874fe3fa2f28,fk,44
7c83d9af7d3744beb18149a1f6a3e9a3,ek,44
dca08c7f4b6d45f192686d5dee6ee321,ak,45
8a6d05d7c44341d590e5eaf16c572422,fk,45
33ee16f06f264245960f76c110f8073e,ek,45
2bbd2fddec7e45f0999ce253b9a91118,ak,46
cee1be95845140b9b37986597fa1fe15,fk,46
2668c4b542134a3f822605ce536ea4aa,ek,46
2251039bfcb14449b4c02c76791e4de6,ak,47
dbeecd82c79b41d3b344271ab8bc0013,fk,47
7f12cafbc5b6419aa36c4473e5c09750,ek,47
50122d1dd6ba4a95a1650fbdfc267a65,ak,48
697a77d945f941fab52973d378c9f5cc,fk,48
eb8b238b845a49d086817996751c44cb,ek,48
86769b3dcb1f408699052585cf853bb8,ak,49
a7c623585aa44c55bdc3d83e37c3d001,fk,49
4372faa731174ced969fd6c2379da552,ek,49
daa0233d56174815b08a9fcef34384ca,ak,50
86d1c2d2bd7f4f249de359d8f83034ba,fk,50
9693d40cfa284e0ea338f1634e06e9e7,ek,50
72c97fe8b36d4131a187af9b157251dc,ak,51
661ed59c4cdb4f7b9ccd9448a9cca846,fk,51
84865c61374e4dd0a9853379eaf4f5b2,ek,51
ad114b96c1ef4df18f8fdde69739d46d,ak,52
fa6600b69e784c6d828bebefba5cc1a4,fk,52
f160e4d40f02427ca620b6bfb7d02311,ek,52
52133cd32b454cebae4db21f53445ef2,ak,53
bfeea6e3ccbe4ed4948a265a1923248b,fk,53
5d58ee4369fc4baf9b19a28dc9946fe1,ek,53
8e8bc57fa8214b98b1213ac6b66403e0,ak,54
6958ea9a82514f7fa723bcbda1db316b,fk,54
439eb025d6cb4068b670192f6da0bf56,ek,54
eb4662b7087f43b4a655148f9d2c5652,ak,55
0b8c108665e74254960a2489be211a38,fk,55
4c16dcc4e85246c3af22fad26dc82e75,ek,55
c60a53bc12c44e158db9e8c72acd4a8f,ak,56
70de872c624d4e66bb6ba78e64078991,fk,56
3748a057ba4d4b2b812282c64ef5cc51,ek,56
9b51dffc995646b397299de9e1c7e52f,ak,57
4cb5b85b1168430ba7aad771a92e7302,fk,57
59c98c02a25047278d93f367e172b314,ek,57
762930a9667d4051aae407bd2699afa3,ak,58
be8ba91c91cb401a86fe8ab27c348dec,fk,58
1fa7142698b744e594498d108c311b1a,ek,58
f5e0e18961994aada68bb6e432069f16,ak,59
e8a6f33fb5ea48dfa097592ca20b8248,fk,59
a3192dd6a8394aaa8e217905fc1d7744,ek,59
7aacc7f40977495abb38e8b271d93be6,ak,60
970284af79714d708e26920b58142d73,fk,60
debc6c5168c24032a4c1f03641c1d441,ek,60
164859bbb46f44bda4465a160b10d7aa,ak,61
5f367839647a40d1886a746e2a37c79b,fk,61
906a2bd0c494480394c7737ec37b19d9,ek,61
ed60e48df86745b088752ca03e7e8c06,ak,62
04439c0dbd4944fb9a8562924471ad9c,fk,62
8135091aa45543dd86b0de639ef4ee09,ek,62
7a39928bd83a4310ba39146ea9444b33,ak,63
d3aa3893cdc94695adec6af44f11a515,fk,63
e9f0c39448084b82b1f671e667aab9bf,ek,63
26bcae3c01ff4983a5a694ab878e0474,ak,64
92091d6f14934540949feab09806fad7,fk,64
0cf5bc29828749acad0d064305102a37,ek,64
4a3f650357e04a279f0f4c5bcc91760c,ak,65
eb8e69a1a3a84f9680c439810578d3c1,fk,65
7e2addf3a2da45b69dd6f3f4ee70905b,ek,65
5f44b4e19651490fbbb9e453c423a174,ak,66
d619319c79384277b57de782857ce378,fk,66
525afb0b664b430a9ae14dd3686c3e3a,ek,66
8ce733c802fa41a29f20777000be2ccf,ak,67
22a5a29ecf00487eb39d9b47795241ca,fk,67
fd9a1a8f4106482c93fdb4e04c70a05b,ek,67
d56677dfeb7e4f7c982416bb9bbafd3b,ak,68
44605186675749b699b32aacd333c93b,fk,68
38e07abfcaed49e48602c97ee75bc12e,ek,68
dcbb8b0f82f34a248a14e8069b83f048,ak,69
9d40e15a13ec4e5b82f764946339102b,fk,69
3243d9290f5f46a28967dca928688b71,ek,69
d346f8b2f2c5453092946681c6735d80,ak,70
9a6880b96e0b489fa5c69924cfb1410b,fk,70
8807936abbfa42f991566d0eaf8d6010,ek,70
1eed904f753c414a9461fca78f16a77f,ak,71
c7df14b6abdb463dab2aadae45e29913,fk,71
3cb07dc6e5b0484c8b4dee43cd3fb313,ek,71
d3fa3dcc165843c0b8a221dcfa671af6,ak,72
84bad0b33a654dc9ab62ea03c635eea7,fk,72
b89aa8010f524065a775313249dbd092,ek,72
809ba026824a4e2baf99e9dd13123ce6,ak,73
7fb13465a31049db98e220797bce6bc0,fk,73
b0f3083398294ca4a99c80e8cb6f3372,ek,73
280019568c4043aeb5d40c925e533f38,ak,74
fa2a0df7dc694febb5c023000d9c1745,fk,74
8a86d549e3a84e16ba7491243b81c4df,ek,74
66f42807ff094030afa692c5b2345017,ak,75
3bd7683369c6480799b85d24976a2e05,fk,75
ffd94ac73f654b799c76489ffd68e1a0,ek,75
76b5eb4f876c4c1298a40f3df7f71e2c,ak,76
357c93423fc242369b7a716da3911f88,fk,76
16035376e8ee406c85f6ff4500b0dc48,ek,76
2fbae6e9afa244f9ad27f4687fbbde36,ak,77
4143abc6665b42f6a42d8fdf440b11a9,fk,77
8154771fa0ec4f56995c991eb11f4aec,ek,77
a5fcc6680f4148d788ce33ddff21d9e9,ak,78
20cf5c5e84e147f295503e67efb94fad,fk,78
ab367aa4cce5450ebd270efb18660791,ek,78
43972cf6981241cdac53a44e804983b9,ak,79
3ccc2586561a4c15a8e6d18c5d1711d2,fk,79
7004c6fd5b3e4c1fabd1cd4afc455c54,ek,79
75fc093c080a45bba5aa683c51f5cdf4,ak,80
1080dccba5ec42ba9dd1df5695229289,fk,80
616e57dd09ed47888aea7373c3b46749,ek,80
2abddfb866e14ad8bcae3a513388c388,ak,81
70174fe8ffba40539b50c85cb85bd8a7,fk,81
7e9ad757976940c5ac969e304b7fc3e8,ek,81
63f42c8a419d4821b330c9394825a113,ak,82
333920336f3646278356d9dc636ff869,fk,82
397a477904d4454087c3ae042c88fe8c,ek,82
8566f75d252b4be8bf00f69d52464380,ak,83
c6f4ed5433324119a6f6cfabf4050929,fk,83
6346e682ff094ccebea9614e0348e5c6,ek,83
dccb259567fe4fb4887597894da8b1ca,ak,84
62e6c1579e5e468da2112df4c402971b,fk,84
f8a9440583a0487d9260dcdcc1ca8901,ek,84
98675ceb490e46f79181f48e0ae079bc,ak,85
e803d895de6144d6aa3d16a4f05151f0,fk,85
1a861c8933fb4a61b8ffd2640a4e22ae,ek,85
ceef21ed3610405c99eb0c1ed1f6072f,ak,86
88666842a0654e98a6f7350fb7a82fbd,fk,86
d893207d7f4642b28b5c7ba57deb5d4d,ek,86
e324daba3b3e4ba6939ab3fb2b2c4996,ak,87
95ed2b40df5f4b73a3a896ef0e2524c8,fk,87
ecb893eb67c049ecbf5d2150d8273b13,ek,87
c06776395c794a219e12c6a4e89a4186,ak,88
15041642c50240248bc8431bca8509ac,fk,88
39507c9fa4944c75886d833e12225a65,ek,88
7ba97da37d0f403a9549dd233365e726,ak,89
2b81f5cd15ee43afbc573a7483de0229,fk,89
dcaf94f0c95740daa625c5ba134ce34a,ek,89
5f93e987e5ac486f8e1202dd4b6ee68b,ak,90
7c32d03937a3460e82939ee6d8cd0376,fk,90
126d412302dc4f229237eea7f1d59a63,ek,90
03dc0a4737d243f5ab411e805404b41e,ak,91
04055b5803a54d00bb8c393a58e558b1,fk,91
086a6f8d82f64fdab0121ec674850cd6,ek,91
5592ddec54b945f8b72a4f4bd947142c,ak,92
566c359d64d243ddb26ed9534ab7523f,fk,92
c308e7f7a0644bbe9ee20934686e9062,ek,92
1dbc9f2ecf6045ccaf42846aa63b7109,ak,93
728a4f93e354488b8401692da736dc2a,fk,93
3216bd72ce514deeb8a0ef4f0512ba1a,ek,93
956780d154af4e7684dfefb4a399106a,ak,94
95d6a228bf4d4fc3a43dce1784d3636a,fk,94
f56cd66185584936af6939701edbba0e,ek,94
5c932c61066843c0808e7620d40d7252,ak,95
43ebad8be08a46f697e4fbbf39cb8a3a,fk,95
c5fe3810b7f4454db20bc7152347a082,ek,95
3ad9cd91dfd54274b111c1779be9c724,ak,96
2c06d33599984f988ce4083a4b8a447a,fk,96
881e729ebfb74f9bac709631c8a46906,ek,96
c47014edcf0543e4bedc56a89b8d6f4c,ak,97
3703b659ded14badbfb29e986934dbaf,fk,97
476a77a0de01460298daf1ba716eb437,ek,97
bfd0389911fe435eb65a81ee005f811e,ak,98
1f57c384a70a44548e1b106118bf193d,fk,98
7cd084fd231b4ca79c043a01a35795dd,ek,98
788d6ed15a7e4880ab62a76b76662697,ak,99
25c53cddd8c644e2a854fcb30e3c5eca,fk,99
1e4e645cbc0d4c4c8a1e89ef13c94050,ek,99
f6697846888f47c8bf1c39cf294b2084,ak,100
4d264832f5d3424b82ddaa27298a56be,fk,100
b3345bd235564e01905f5816e802af56,ek,100
2a43fb90c8df40e5ab22588ba63def01,ak,101
ae5431db23784e6e84dfc0a554a92c9a,fk,101
d0893749dbea4253a9c73e1768fce364,ek,101
7b84fd215fd947de88c7309cc5974eda,ak,102
951a470dd5fc40c7a87bd1fc820d31a6,fk,102
3569bd7e162e4e72af52994de58b630b,ek,102
23f307f84ba04035a911ef8cdd239e4c,ak,103
5b3d086028c3405cbbdf92e4e077f607,fk,103
f2509075845c4951bb7f14df121442ed,ek,103
cdaeaae988df49aab69c6af8264408a6,ak,104
cbb1e337319e48b886a7f44d8d038e04,fk,104
68d166fd24474fea9ff64541b193fcf3,ek,104
3a33edf4cbe94455be869f7cf2c4f9f5,ak,105
d6551be8b3e24b889a2b38ca8bd5cb70,fk,105
109143f207e04d46adf08b17164524f7,ek,105
81a7cbae411f47559a04bbca262e8a59,ak,106
6946c72f67e6400594b25cfa68df6b27,fk,106
078afadbea754274b81232b99a33f0d7,ek,106
7734ca8297804c64804db6ae16a705f9,ak,107
11ff39d77a1a4fa199bb646fe7d0208e,fk,107
5f58a3a35ec14c2a81cf45bd375995d1,ek,107
1b322ba02bb9449986dd0d619f9fb6ca,ak,108
5d61dcfe67c44ceeb03b5ff6da2860d9,fk,108
43bd0924e9b441dc9739817065ba7c62,ek,108
ab823ebc1e83448899289b5696c03f59,ak,109
8ac69fe7ab0a4256a9b18cfa886f0451,fk,109
faf274f72c874b0bb46f4e701b0a0451,ek,109
28d32f3a8fca46a19cb9c2fdc83eca44,ak,110
65ddad5b42c94cc5a0e6c9ac0e9a4ec2,fk,110
e61dcbce607d4857aa2c13f09bb75d2c,ek,110
dcb9d72478b048f2bea66b57475012da,ak,111
275f8c4ddd0542158a4b689e3fbdc39d,fk,111
10d82e739e064ec48a210a8e01bdf524,ek,111
0c42f29422c646bab6ab9d05efab1bfe,ak,112
d599bbf4dcae4de09a2f414e149131c5,fk,112
0547824d10934b279f7a2de684581337,ek,112
a78ea7f1333743cfa0679da57363ca7d,ak,113
446d55201fc247dcb9492e055c015d27,fk,113
71e1554396744469b1bcf67ee0e2647f,ek,113
6835aeee088e4b0d98cf8c6b18577fab,ak,114
874aa845c2404714a7a1d5d608349105,fk,114
d9749a256fc945e1b1726e9123b9fc93,ek,114
e875fd05a7f34f0f998b7deb44c2461e,ak,115
ca035a91da2542d8b2ff1c3343c08eb0,fk,115
b0ea1fc3d9354ae3929446ed7428283d,ek,115
9df753bf576a41dc97fd2456cc90be45,ak,116
c76d9a82f6234851aafbb987b50f5c67,fk,116
779d0abdd8c6429584f24eeaa223db25,ek,116
b5a8ba313c464090b11b0ba78533470f,ak,117
952e41a7f1d74ee68e3666d63e817280,fk,117
9463412c31a644389b8c79992a9db915,ek,117
25ac7b2a330942b2bd7ccc231323090a,ak,118
2677a033579a4e6387485ed52c683bf7,fk,118
84c357ee324247ef9151366af5b82999,ek,118
410e4fec83c4488f9932a39b47c7036b,ak,119
54bdd4a69cef43ff8b81c93bb78e89cb,fk,119
d0d83ed4fd9046c18cb2b6985e3d99d3,ek,119
83a603c4dc554f758e2ac07b96bc2306,ak,120
66f4dc0b44804f8b88c851a2a5768190,fk,120
7c478c5cacad4e0390dbe8e2ef6a161b,ek,120
95d1b5e4c9f44e848aa77d45151bc174,ak,121
960d8ee2b0fc40a0aa332f2f1f9c1502,fk,121
ff33467704964fa9b047bb23147f187e,ek,121
2357c873333e4ab19b0c57cc8fee1401,ak,122
dbb02066e1894a76b8d451b63e4ac23a,fk,122
27aea1934fa74c8fb415589f7a15a619,ek,122
01b328c816df429a85939fa47b460f4b,ak,123
f466c2ad252b4e9084989bacb324d5b2,fk,123
8e05a1f8a6e34b268aa563bbb8a02c61,ek,123
43b94974be9b456491b1d0ddc0797ac3,ak,124
8b00f66756724733a118f07c452c63eb,fk,124
a0ba03a77de7412b9e23a2429df2d1dd,ek,124
e7908b017c364881b9686f476ac188d4,ak,125
14c41894f5bb47919f7abb8664ae1900,fk,125
176a2ca9bf0e49ccb1b68308a08414b8,ek,125
66d9790ec0bf46679b14339598b8014b,ak,126
019ea7a1de5a4e949872c63607a7e21c,fk,126
60b793500e4442f19732aeccae939456,ek,126
ae93a24711c54cb8a7cf45a46623f5d7,ak,127
331f88d74fff4d7eaedfd2b575651c82,fk,127
e0c2c1265cbc4e0ab0caa72da63c4895,ek,127
21fa6df51e304397b030a8b25d1b7fad,ak,128
9759f36e865542ccb18ae2b2a403bcc9,fk,128
e4a4aa99392040eb8132ff7f1168d63d,ek,128
ad5201cb32104fe89254ce072ed0c1bc,ak,129
b310dec698c24840a624967782b8c111,fk,129
59ff7ff587dc47e68c91d10dbc3151df,ek,129
fd17da50d36843dd9e20b3e97096e7e4,ak,130
8e33edf3b3ff4a8dbbe527b9be6318f8,fk,130
48dd64ad085e481e83ed7ec2d3022360,ek,130
6dd2ab4775304fdbbfdfa215ad08742f,ak,131
826f5e51893e446299885de678135934,fk,131
e96bcf9078f743bd9d4c50a0fb6d9316,ek,131
688d24f8d3a548f3876e61aec8201174,ak,132
a99dc73215284aa3afd3f1f4e492b659,fk,132
0ceb4c379e2f40e8a1b40efd699bf4fc,ek,132
cd4c1eeac7ba46cca7a8a6f6b994dd89,ak,133
99638dbf44cc4838bc2c5ddeca2b91e2,fk,133
a340d50dda194694b178264d67bd5870,ek,133
3b85214bc5b648cba810b4d041a6edf0,ak,134
4e8c199e278e4979ad7ce432e125b173,fk,134
5af31c7057a34029a216c8205ba924dc,ek,134
a20c46ef600c41cdb806552660c97cf8,ak,135
b04587adafb54b9094ef1523e0af1fc3,fk,135
ab07529476d2486db7dcb6bd6a0d712a,ek,135
ec7001476bbe40ef8df5d510e9b180a7,ak,136
e1a0d541d9004bb2b1d5600466e668d1,fk,136
cb557511cbfa4040832f5c10c72fd543,ek,136
9294f2f939bb4815b2f76ceb8f955be5,ak,137
f1311aa688ca4700ad7f4ff0de25dbc5,fk,137
05dbec6391ef451083ce1a15e2e1a53a,ek,137
aa14158eaa1e4cc4a578dc43733f8fe2,ak,138
448cba2482534e8785ef92b5e1d1570d,fk,138
8161072b7c194ca8bd4e3e3df20f1c32,ek,138
009a4e39332248c6b9bdd160ab529963,ak,139
9b4d9293f11b466a8eb68e5cb4bcc055,fk,139
d3a6bee4a5df4f86848a1fbebb19f2eb,ek,139
93ceb51322ca4b2b9a356983bacc5dbe,ak,140
8fd82c5a2b3a4197860200fbba9d1a9c,fk,140
db40249556da4ba0892ea57618072ec1,ek,140
3e8bf9deaf0b49289aaf04eefee6f413,ak,141
7880c392c6e3469ca4b9f4c79607b2f2,fk,141
8c64294094f14a22964b87ad19cd2ff0,ek,141
4a40f0acaf4847c98485d0809675037d,ak,142
fd5fb0924bf441d8a60277265bb69095,fk,142
c2d1125f002b4a7b9be3b3e12cc1da81,ek,142
079d3b7e54e04fa193e49c1148f137e2,ak,143
ccb426a255894b2191f2876586ece0be,fk,143
82e66dff3fee42faaa3df25e96ed08cd,ek,143
597b0acf345c4913aae7ceac7eb4920e,ak,144
c14b1f51d45b46d9b7664fe46635f00e,fk,144
3050975cd75d45919aa72474493820a6,ek,144
2c750c6225c54efdafb934489a0114ce,ak,145
88281f143d7f42879e33bd2e5fcceb78,fk,145
6a56bf058ea04209935884bca3caa1c8,ek,145
28eda3415b0348e0bf282cbf281f91c2,ak,146
40e8517dacb945daa411827ee4d2ce0c,fk,146
076e8316fcff4c58baf0f258da14e0d6,ek,146
322b08a0393e4eff9fd6b578cda4be93,ak,147
471c651486bb419cafcfcbe9ec6ede05,fk,147
55fbade1146b421aa4b5962649e40c8d,ek,147
735fd9258ccc4f8db523c7a062a13dac,ak,148
f3c0db374ef346d1817f5ef23a0971da,fk,148
4ab88e000aaf47cb9d10539aedcdd12d,ek,148
c48bdce734884a10a756fe97b603d9c8,ak,149
c056e8a8d73a45818ec5b1b9d5e68761,fk,149
ab8b3560e6a44d539f7073c9c24a080a,ek,149
723a4446e34d41ddbd2f7a3e947ee0f8,ak,150
8ebb4a9062994cdc9235d4afc22a245c,fk,150
c334f62ad97e4591b03a93bc5bae92f3,ek,150
b94cdffdc35a405ea3c95a7f0a5f996a,ak,151
34ad45b358764a388b53c45ae1ce3681,fk,151
52c1c2e3639f4eafbb9a5ab02895377f,ek,151
8600ce24a22748a68c757f566f57a7bf,ak,152
a5c5ed52b12543a08cbbce0ddcec1e65,ek,152
57f21e633c0d40be9086ff1984f0ea01,ak,153
11ab94848e974ee088ffc97d758e5934,ek,153
36a8351c9a1745abb1962efe75661ae7,ak,154
7019c2bba2294dcbbcefd62b54fde14c,ek,154
353bc6116c8342efbefd6128769d21a5,ak,155
8587d8c84d1f43ad9b6c90dd1b00cfdf,ek,155
bc20b93feed64a93955ac3648276fa0c,ak,156
d9d826d831c84ee59c1efce7951ad614,ek,156
db681a21847445a69545ddbbd91c411b,ak,157
cafcc7c39379416797f370f365d5a2ca,ek,157
677437f6e615468c8dec9aea8803dad1,ak,158
fbae2e9fe08049f5abf5a79450cea2c6,ek,158
13d8b40a393747f0b4dfebf4bbeed6c3,ak,159
52d4647a2aae453bbdd0831c6798dab0,ek,159
4891f16401034e698a9a12bdb354cb91,ak,160
f74931e7475145358c92c2e48a4d1c8d,ek,160
83020b637306415bb97ccf65c66ee40e,ak,161
c63cfa3a99ec482aa74bfdd07556e338,ek,161
79dd13d701ab4e88995b95a3b6d1d88f,ak,162
26c19f1090a14b14919efd51e2fde0c6,ek,162
887b3081e5fe4950802b1a9f6a662b68,ak,163
f11acd8f03764aa381ba36597b009908,ek,163
71355348bf384322973b5cb8ed0c3818,ak,164
7f88322ec66c47d08da6f4826a62618d,ek,164
f4d71327967a422b8d68d56615ec8034,ak,165
afb357ac83b94552b6efb482b1f9114e,ek,165
536caf6b25a641df82b6b228396014de,ak,166
29c071c0f18f4bcfa9b29f74f95ce23e,ek,166
8ac94cf395cf40d49922df845ae2859e,ak,167
3bfe1762084b4531bbb97c0d5495414a,ek,167
761f785d122f47519dada601b0fbee99,ak,168
d6d29d76c10445a1858ee3bf13b5d8db,ek,168
fc775f000a714e83b4412d3ab1b32e8d,ak,169
8ceb6c8acd764c94870dddaf1b23dfa2,ek,169
f9d9069e712a4ac1abf5edc3e3ec8fae,ak,170
fcf026b601314ef6b92a92868b6f3b93,ek,170
dea59cc70ec84110a8b2fa96c44e1afe,ak,171
c4b6816a5c684c6fb2d57a6ebe440e00,ek,171
0f83a0865e124abfacb6baacb3f8e932,ak,172
e4110932ffcf424284e739970ebff4ea,ek,172
9c4f20ffb02a447a8e5514bc3670dc1b,ak,173
00eca2bbcfc642a3bc0b20794411fbb6,ek,173
3ee4b74a1f1343acb764ca0013765194,ak,174
c83afa1ed4f443d19ccb9f8b3e4828ea,ek,174
df07193ae4084d12a67c66da37ddd348,ak,175
e59f6d6988914d7eb20e720f7ed452af,ek,175
d526d32e659640e9a85934f9516d1a15,ak,176
36316054c0874b9cbb708b9cde69a30c,ek,176
8f2627e2c70845688efe79a3250a9b28,ak,177
cff74b85d1894cd99ee683f5677a77a8,ek,177
a924d54489224b54b745687686ecfe93,ak,178
91091ef85d8749d08981db3c8e951a06,ek,178
104d568029634ce7a916debca63e27d6,ak,179
3ab22b1d5a924e7abdb1a1d1aa21d3e6,ek,179
7f37d24a26ce42c1be8da51838bada8a,ak,180
47059f015e254b4eb5213ef94a9eb159,ek,180
ee0309e299f74959a14fbd04400231d1,ak,181
4f07d98b8e724316982ef29aa64d4a95,ek,181
c4f4605fb15548bf85cf1390dc2e46a1,ak,182
105031417af142f591d64240fa3b7ce5,ek,182
eb3996065fc9485a851980f81eb62c67,ak,183
7528644c0ad5443bbd46c2cc19482e97,ek,183
fb945d1781c8425699bbbe75ddc7ed34,ak,184
12ac0fb272fd4ada845c55af8e9de9be,ek,184
8917da67db4c4869ae037beb1e95adf5,ak,185
f553ccc1fcb948ae9a4ac119a6caba95,ek,185
dbb1d570c1424d968cd31867248d77e9,ak,186
e218df544b4a44d383015a56e34e27c3,ek,186
80db43e1807b4dc18bd5a312a77ebdda,ak,187
b9218b7d4dfd4134a6009609d11eeece,ek,187
de66cf75ca8642fcb647b2b382c80f23,ak,188
dba05ba531984b86949b65f50df4fd27,ek,188
f0c6e9f1ab47428ca386249438d2c7dc,ak,189
8a2ec8afab744787949b92ad0ec0bbbe,ek,189
a3edfed4d6794d83be5e266a497f1eba,ak,190
b8771c8dc0884277a42332acf005ca80,ek,190
5664eaf6392a4577883c8e3f0b5bed43,ak,191
365de44772fe49e1b140c717adf92345,ek,191
df75003284d04780bc821d3eb048e2f5,ak,192
56139f24175a4329a840e56b7b538cf1,ek,192
9cda84a2fe5f4968bf852317b081eb53,ak,193
685dbd6c6c6344a8a4d86552ce861d51,ek,193
f75dd03a26474307b1068d13ac26b5ed,ak,194
2fc32e7008e849289405aaeeeb3166a0,ek,194
65dd49510d834205b66a642684c48bb4,ak,195
32291210afbe44f284dd2b2f7111cc41,ek,195
ed7e768dd900416f848db73c18c0ff0d,ak,196
f611f7b3f67e4cbdae707bfd3e283e51,ek,196
203b2852284b4ad982c08211e2efdc40,ak,197
b19ad59bb6964059aff6b1a27b6fbe81,ek,197
6bd7e28196a643209f628be07e76d5ff,ak,198
71de03abbf944c7cbc647c268b3c7673,ek,198
946d5f74389e40938d8a59bf66130778,ak,199
454cdbf437174ec6a5699d3d3cc14a84,ek,199
02d01c0417314162acc7e0a3337dcc7b,ak,200
bed147ecde4e43acb072407d7cd716bd,ek,200
07f294745b0d4f22929086debe476759,ak,201
8659fe5ad36a47b1ab7df2caad14b901,ek,201
40b64a3c097441839266e13994f6ce03,ak,202
112b92a05e344336999e8315d2332bf1,ek,202
f01637ab84b04f049f952ff8aaf6a8cf,ak,203
b1fadb232a124601af471f41d72f9468,ek,203
7f3d9d53828045a88e49343a51bce9f5,ak,204
2c5498eb51284753901736f22c8d13cd,ek,204
1f09f70adeb34831a9f07f5e2fba8fe8,ak,205
78844550a6204d27952dfde116dc8ce6,ek,205
20e624db72cb4fd0b003b8cfc8599545,ak,206
f788ad49969e4df2bbdab404e38e38e0,ek,206
032425c0f06f49a0bc378ccd78566b2c,ak,207
35a5b1baf8444345a92c30717a6e4ea0,ek,207
a2bf1a406034435f883398bc1719d455,ak,208
51eef8fe44b34361a32c02c4bd95f347,ek,208
bc3c43a0aa7c4f409860a9228e4323a0,ak,209
c43f1d3f92864ecd896b75e532383686,ek,209
ba28e28c0e6f43dfb8fedef6dbbdea1c,ak,210
27438098bab04311bf1d7aa03261e4b0,ek,210
24f886aa51964d558df8a7819bf2d986,ak,211
03d1b88773084616b796a952f60d7b0a,ek,211
0e5dbe1ea7ff4ac6adc3eaf71d402ee6,ak,212
83496f50ea98477dadcc178583c51662,ek,212
596b119385224717a866b8a0d141c6b4,ak,213
a78cc75088d9458ba496d334b1d568ba,ek,213
df5bbaa3a1d44bc68f84d4ee9ac0d1d8,ak,214
6d70b138f66b466b9baebd88d43063fe,ek,214
80aa5ac95083483789b3e7901be6c77b,ak,215
e9d77450acb141c1b5d1454b726dc81e,ek,215
fd4fcc63e109478e863a7a8fac83d6be,ak,216
d332c6b6ac6e4aa1afd716bbc8123fc8,ek,216
87ca3cdd14114a5580833f8de30d1201,ak,217
465ee5cdad4149b79059de7ace3a33ea,ek,217
1fe3f271fb514a43b9c53df5283c1d40,ak,218
455f59d25992431fb9f9ddeb550e1062,ek,218
6651f12cbfb94a51bb623617ba898952,ak,219
37f85a2f3df94738af2c8d7fbbd7d46a,ek,219
aa946ed3769f4fcd92e258a6854a17f1,ak,220
2542b59f251c4de5918930b2da68cf8f,ek,220
7b5aaa775efc41239d9e592509fc2584,ak,221
f912914cf69c451da9576b0dc214cbb2,ek,221
bcfac37a6fe7429bb92efaec464473cf,ak,222
708afd07dddf42acaf60cf985bd3443c,ek,222
f8d50b0fcd5346bd87e803630b253a45,ak,223
785fd60ba1fd4d408b5910b5cd242ce6,ek,223
efc2186a51454c5a8664c9f1e1655990,ak,224
1fb73c7b8aae40b0aca2785eda0d8128,ek,224
2c0c727aeac148199ee33233b2ab845e,ak,225
5f21ee3d04644a228782bfc705dd4563,ek,225
7aa101a802ef4e5297b70acfc49c33b8,ak,226
e3f0e52db4ff45aca19d5a700f3809ca,ek,226
c8d0e1ef88a74e0d96f22bb0249006e6,ak,227
14efd2d4fe3b49fd887cfb9eb9632dc0,ek,227
7da3e780909a48e384fd19d784df840d,ak,228
624930ac240b497fa7ae30ee282780ce,ek,228
0f67c9c0a70d4356a0ee4a70a965a5a8,ak,229
5186d8ed47fe4c1c9fb7fa7711b0a073,ek,229
656687207e5c4b56b01d68476ba64177,ak,230
ccc80bbe1a1744139252421b9ba24c1e,ek,230
814127872a174909bd6ecaeaf59290fe,ak,231
700c794fa1754c08aff2d26c4db77ae7,ek,231
d423710cb9e64b17b93484e120f07e66,ak,232
08d0e453cfe84f6c847989725687aa52,ek,232
c77cdeebf789416e98cf8afb05b75a23,ak,233
49f541c20003499ba820f7f92d7f4994,ek,233
f9d602b655cf47aca23369778ea43a9a,ek,234
242ca18a019e45f6b96d1bac16bfe078,ek,235
025460b48b4f4fc6a9201bc2c547e8a7,ek,236
ac5f6bc99996446b8abcd26557eb2a4d,ek,237
ca3269272a414cffb520adcbc53bd58d,ek,238
710836d00e434c6f9f13b2b09b7c43e7,ek,239
ba956c8ad3fc4debb49aba91e1c1651d,ek,240
7029dfa5fa2d4e00b84506438203a09a,ek,241
6a705d8ef64a4d1db902ea852bf61da6,ek,242
299522af1a4643cd8a246f69cfe06adf,ek,243
1ca2eb354c254f769b93591e655b5c67,ek,244
e1b3ef1fad634216a369f7552fc5c72b,ek,245
e8b88cc8c3c4482caccb80c5fea9e125,ek,246
0aedf391e8084585912c0f858c63c45a,ek,247
125aaf32e8b64f36897485e56253ba56,ek,248
0759312fd135436ab9826a4d385bf36f,ek,249
666c6f3646d744b38a76b3c09ce1eab7,ek,250
d730a88250944e5b86665ac3393200c3,ek,251
31afb328d210446f862b36255a30f0d5,ek,252
81b28b695f404290a902a9b042090db4,ek,253
b9d139858a9b4d638753fe2bdc6aa35f,ek,254
17db6edf2acb4badb721e3af49cf3846,ek,255
00a56cabf8e24d33b2b4471c71e93adc,ek,256
00a54f1d6ada4fc5891699617566a59e,ek,257
248cd0d876d54b45b5d06c471f6f3958,ek,258
458cc31ed0b44cccbc9aca3b6de283e6,ek,259
96b6ec42dfeb465897c0c99ed897d5d3,ek,260
0c648516862d4ea4b97c00fe6b1b5bdb,ek,261
5c62764eea154dcf888e596a9ea8d8ac,ek,262
6a2b7934618f4e0187edf22cc487ed2f,ek,263
2f8ab53169da4e5ab7af62e435be4faa,ek,264
ca33b1c3b11b46c5b872b5c31d6f3127,ek,265
9825ee18725c4dc2bd1c51b710e650fc,ek,266
cb33c4e3bfdc4a8a8f7c1616d35aac8b,ek,267
a181e38f01bf447d8a6b71da9ce48393,ek,268
1a91b029a5914b978d3db7c61ca0ec63,ek,269
24675cf19ec2479489d0c9127da67c65,ek,270
2cff2080fcda40f6b313ec0c46e12d07,ek,271
c26e9d6a8fae4798acf801a736006d6b,ek,272
db860a56f01f465192e47ca7db6bc402,ek,273
e31c0684613b4dd2931c4772c146b2a3,ek,274
1680a33c3e5a442fa4c8d30c37f76108,ek,275
99ee210c9a7e4a0fa472a73bc74dba39,ek,276
529a7897520541a3b56fa2c26d1ca3e3,ek,277
e268547f684049cd90ee06d703d207a0,ek,278
05206a3151bc4d55a3952609f909966f,ek,279
85ac688143144429a65679b9e6daa1e8,ek,280
78eb407369d04c03823e72bdad98f133,ek,281
2652a762027943228f469ccd5591788a,ek,282
d280b30bdfe843fba82fd65ec7d1504b,ek,283
938c963f52644016b4a3198ba4cf41aa,ek,284
285337d474bf4f468fa42270957ad561,ek,285
03441af75aec466295abbc822a04d3c6,ek,286
7dbe347f3f8c4bdd9cfa432b4e5050b0,ek,287
7c59587ad27f436785c71b3bc250fee0,ek,288
53b9403f3bf043c980c0cc5690ab2746,ek,289
182321da09cb4ffd9bdd7bd658f5a292,ek,290
10b8e195d3474fc4a6eec63f226990f0,ek,291
2d6f00d838f441cdb343b4a743c624f3,ek,292
5322d63ef3644b3a966d57feb8f69d99,ek,293
fa184cbc458a40ba931f3f29fbfc5557,ek,294
53087890e0164f679f98b0bc9e96aa56,ek,295
657cb62731e84c8994915a60d0ba0d0c,ek,296
aea6ce3433a54c61986fa1e684da21a0,ek,297
daee5dd001834e4c9f65a79eb385c688,ek,298
490da4607c7b47b29a34b413673d10d0,ek,299
4fa171b3fdc54dea8668b3980f4df38d,ek,300
56fd6eb9c5b7463998a711026513509a,ek,301
18f927505afa486691a2eb6ef7c37a3d,ek,302
61444a68ff71404d8483bae5cdda3ac2,ek,303
fed110666acb49a3a9c63356b46ade26,ek,304
28aae9281df14f83a94da9c392487af0,ek,305
2035527efbbe42ab9c0a0562d907cb0e,ek,306
b145dbb193fc4d09a80fab995767c7e1,ek,307
521d0716eca74e8da69e4342c2af9d0c,ek,308
dcfb48c9966c400685e69a1b8b10af3a,ek,309
01325958816c40f0bdd7df08d60a7d31,ek,310
69d797311219413783662d5c4fee4f24,ek,311
595d28c9216941c29df44cb5ef783131,ek,312
40aa4efd765f4e388b9a5729ab4c41a6,ek,313
fa3c40a28fdd46da99be4bad177e6464,ek,314
0a16694108bc428b8e233fb157b6639d,ek,315
c3fe00b4ed6b4fe3aa6d2cef03c88cea,ek,316
33d2d685f3af40a2b4aa56361ae0c43c,ek,317
dbba774ae2514793835c0b322200eb37,ek,318
e9b5f3b4588d4044928e88335965fa3f,ek,319
3d03c179608e41838d4c411f58460fd9,ek,320
aea92b518b7a45508bec18064562ffd1,ek,321
0cd9cde97c6d460080bae94e758dfc19,ek,322
e148b6b0bae74ec886060a09d8a7c2b0,ek,323
6bd379c51fa740cb98adb81d166996bd,ek,324
dfd60d51b7554ba29763bd6e5114aad4,ek,325
7c2d9a94ac03414baa216b043a72b0f4,ek,326
032b50e9d6664eeaa7dd0c3801f3a5be,ek,327
c67f9a38c8c742f48b3469e1bce25cc0,ek,328
cfc72354e2ff43139910b3652ddb8061,ek,329
041780e49feb486aacc79a10be9a6ac0,ek,330
04a8b2c644a6499289b6c272d497fab3,ek,331
75838ff02cf14f5ca3865ecf6b7327b1,ek,332
c24e04f4d7bc4f4287a19204cc3b45a6,ek,333
eeff7d0330e9488cb680bb76b78ebc67,ek,334
838d11a15f7443aaadbe61b52e75a438,ek,335
55cd49431b1d4241a38e3ff1873c9870,ek,336
0be57a1076a24d908bd027bdf09dbb71,ek,337
70264874efd74c7cbece5b852f4dd595,ek,338
e7d33e9409314541816047b578be3f04,ek,339
9905567cf25d470db6f0d46eebbdb0e9,ek,340
abe6a0a721a1445ea6886d91aa50faa6,ek,341
87e11da843a24fb593a26a3022707718,ek,342
3fc4554b1cd74df6945f893f27ee65b9,ek,343
08b7ec5866e14ee888900296d95b84ba,ek,344
1a4228713ea04073ad4284047ff472dd,ek,345
8acb869481d2410bb88813084be9eccc,ek,346
257de5c37a054b058aafdaafef6f309e,ek,347
cc3f1ae939da4c58bce30184f7246d56,ek,348
c7de95441b014a03aeb7c54a4c5b9325,ek,349
af0ebaa9aed64c2d91750aa72651ea74,ek,350
